group,groupcode,species,scientific,raritycode,pelagic,shorebird,passerine
Ducks/Geese,1,Black-bellied Whistling-Duck,Dendrocygna autumnalis,1,0,0,0
Ducks/Geese,1,Fulvous Whistling-Duck,Dendrocygna bicolor,1,0,0,0
Ducks/Geese,1,Taiga Bean-Goose,Anser fabalis,3,0,0,0
Ducks/Geese,1,Tundra Bean-Goose,Anser serrirostris,3,0,0,0
Ducks/Geese,1,Pink-footed Goose,Anser brachyrhynchus,4,0,0,0
Ducks/Geese,1,Greater White-fronted Goose,Anser albifrons,1,0,0,0
Ducks/Geese,1,Lesser White-fronted Goose,Anser erythropus,5,0,0,0
Ducks/Geese,1,Graylag Goose,Anser anser,5,0,0,0
Ducks/Geese,1,Emperor Goose,Chen canagica,2,0,0,0
Ducks/Geese,1,Snow Goose,Chen caerulescens,1,0,0,0
Ducks/Geese,1,Ross's Goose,Chen rossii,1,0,0,0
Ducks/Geese,1,Brant,Branta bernicla,1,0,0,0
Ducks/Geese,1,Barnacle Goose,Branta leucopsis,4,0,0,0
Ducks/Geese,1,Cackling Goose,Branta hutchinsii,1,0,0,0
Ducks/Geese,1,Canada Goose,Branta canadensis,1,0,0,0
Ducks/Geese,1,Mute Swan,Cygnus olor,1,0,0,0
Ducks/Geese,1,Trumpeter Swan,Cygnus buccinator,1,0,0,0
Ducks/Geese,1,Tundra Swan,Cygnus columbianus,1,0,0,0
Ducks/Geese,1,Whooper Swan,Cygnus cygnus,3,0,0,0
Ducks/Geese,1,Muscovy Duck,Cairina moschata,2,0,0,0
Ducks/Geese,1,Wood Duck,Aix sponsa,1,0,0,0
Ducks/Geese,1,Gadwall,Anas strepera,1,0,0,0
Ducks/Geese,1,Falcated Duck,Anas falcata,4,0,0,0
Ducks/Geese,1,Eurasian Wigeon,Anas penelope,2,0,0,0
Ducks/Geese,1,American Wigeon,Anas americana,1,0,0,0
Ducks/Geese,1,American Black Duck,Anas rubripes,1,0,0,0
Ducks/Geese,1,Mallard,Anas platyrhynchos,1,0,0,0
Ducks/Geese,1,Mottled Duck,Anas fulvigula,1,0,0,0
Ducks/Geese,1,Eastern Spot-billed Duck,Anas zonorhyncha,4,0,0,0
Ducks/Geese,1,Blue-winged Teal,Anas discors,1,0,0,0
Ducks/Geese,1,Cinnamon Teal,Anas cyanoptera,1,0,0,0
Ducks/Geese,1,Northern Shoveler,Anas clypeata,1,0,0,0
Ducks/Geese,1,White-cheeked Pintail,Anas bahamensis,4,0,0,0
Ducks/Geese,1,Northern Pintail,Anas acuta,1,0,0,0
Ducks/Geese,1,Garganey,Anas querquedula,4,0,0,0
Ducks/Geese,1,Baikal Teal,Anas formosa,4,0,0,0
Ducks/Geese,1,Green-winged Teal,Anas crecca,1,0,0,0
Ducks/Geese,1,Canvasback,Aythya valisineria,1,0,0,0
Ducks/Geese,1,Redhead,Aythya americana,1,0,0,0
Ducks/Geese,1,Common Pochard,Aythya ferina,3,0,0,0
Ducks/Geese,1,Ring-necked Duck,Aythya collaris,1,0,0,0
Ducks/Geese,1,Tufted Duck,Aythya fuligula,3,0,0,0
Ducks/Geese,1,Greater Scaup,Aythya marila,1,0,0,0
Ducks/Geese,1,Lesser Scaup,Aythya affinis,1,0,0,0
Seaduck,2,Steller's Eider,Polysticta stelleri,3,0,0,0
Seaduck,2,Spectacled Eider,Somateria fischeri,3,0,0,0
Seaduck,2,King Eider,Somateria spectabilis,2,0,0,0
Seaduck,2,Common Eider,Somateria mollissima,1,0,0,0
Ducks/Geese,1,Harlequin Duck,Histrionicus histrionicus,1,0,0,0
Ducks/Geese,1,Labrador Duck,Camptorhynchus labradorius,6,0,0,0
Seaduck,2,Surf Scoter,Melanitta perspicillata,1,0,0,0
Seaduck,2,White-winged Scoter,Melanitta fusca,1,0,0,0
Seaduck,2,Black Scoter,Melanitta americana,1,0,0,0
Seaduck,2,Long-tailed Duck,Clangula hyemalis,1,0,0,0
Ducks/Geese,1,Bufflehead,Bucephala albeola,1,0,0,0
Ducks/Geese,1,Common Goldeneye,Bucephala clangula,1,0,0,0
Ducks/Geese,1,Barrow's Goldeneye,Bucephala islandica,1,0,0,0
Ducks/Geese,1,Smew,Mergellus albellus,3,0,0,0
Ducks/Geese,1,Hooded Merganser,Lophodytes cucullatus,1,0,0,0
Ducks/Geese,1,Common Merganser,Mergus merganser,1,0,0,0
Ducks/Geese,1,Red-breasted Merganser,Mergus serrator,1,0,0,0
Ducks/Geese,1,Masked Duck,Nomonyx dominicus,3,0,0,0
Ducks/Geese,1,Ruddy Duck,Oxyura jamaicensis,1,0,0,0
Curassows/Guans,3,Plain Chachalaca,Ortalis vetula,2,0,0,0
Quail,4,Mountain Quail,Oreortyx pictus,1,0,0,0
Quail,4,Scaled Quail,Callipepla squamata,1,0,0,0
Quail,4,California Quail,Callipepla californica,1,0,0,0
Quail,4,Gambel's Quail,Callipepla gambelii,1,0,0,0
Quail,4,Northern Bobwhite,Colinus virginianus,1,0,0,0
Quail,4,Montezuma Quail,Cyrtonyx montezumae,2,0,0,0
Grouse/Turkey,5,Chukar,Alectoris chukar,2,0,0,0
Grouse/Turkey,5,Himalayan Snowcock,Tetraogallus himalayensis,2,0,0,0
Grouse/Turkey,5,Gray Partridge,Perdix perdix,2,0,0,0
Grouse/Turkey,5,Ring-necked Pheasant,Phasianus colchicus,1,0,0,0
Grouse/Turkey,5,Ruffed Grouse,Bonasa umbellus,1,0,0,0
Grouse/Turkey,5,Greater Sage-Grouse,Centrocercus urophasianus,1,0,0,0
Grouse/Turkey,5,Gunnison Sage-Grouse,Centrocercus minimus,2,0,0,0
Grouse/Turkey,5,Spruce Grouse,Falcipennis canadensis,2,0,0,0
Grouse/Turkey,5,Willow Ptarmigan,Lagopus lagopus,1,0,0,0
Grouse/Turkey,5,Rock Ptarmigan,Lagopus muta,1,0,0,0
Grouse/Turkey,5,White-tailed Ptarmigan,Lagopus leucura,2,0,0,0
Grouse/Turkey,5,Dusky Grouse,Dendragapus obscurus,2,0,0,0
Grouse/Turkey,5,Sooty Grouse,Dendragapus fuliginosus,2,0,0,0
Grouse/Turkey,5,Sharp-tailed Grouse,Tympanuchus phasianellus,2,0,0,0
Grouse/Turkey,5,Greater Prairie-Chicken,Tympanuchus cupido,2,0,0,0
Grouse/Turkey,5,Lesser Prairie-Chicken,Tympanuchus pallidicinctus,2,0,0,0
Grouse/Turkey,5,Wild Turkey,Meleagris gallopavo,1,0,0,0
Loons,6,Red-throated Loon,Gavia stellata,1,0,0,0
Loons,6,Arctic Loon,Gavia arctica,2,0,0,0
Loons,6,Pacific Loon,Gavia pacifica,1,0,0,0
Loons,6,Common Loon,Gavia immer,1,0,0,0
Loons,6,Yellow-billed Loon,Gavia adamsii,2,0,0,0
Grebes,7,Least Grebe,Tachybaptus dominicus,2,0,0,0
Grebes,7,Pied-billed Grebe,Podilymbus podiceps,1,0,0,0
Grebes,7,Horned Grebe,Podiceps auritus,1,0,0,0
Grebes,7,Red-necked Grebe,Podiceps grisegena,1,0,0,0
Grebes,7,Eared Grebe,Podiceps nigricollis,1,0,0,0
Grebes,7,Western Grebe,Aechmophorus occidentalis,1,0,0,0
Grebes,7,Clark's Grebe,Aechmophorus clarkii,1,0,0,0
Flamingos,8,American Flamingo,Phoenicopterus ruber,3,0,0,0
Albatrosses,9,Yellow-nosed Albatross,Thalassarche chlororhynchos,4,1,0,0
Albatrosses,9,Shy Albatross,Thalassarche cauta,4,1,0,0
Albatrosses,9,Black-browed Albatross,Thalassarche melanophris,5,1,0,0
Albatrosses,9,Light-mantled Albatross,Phoebetria palpebrata,5,1,0,0
Albatrosses,9,Wandering Albatross,Diomedea exulans,5,1,0,0
Albatrosses,9,Laysan Albatross,Phoebastria immutabilis,2,1,0,0
Albatrosses,9,Black-footed Albatross,Phoebastria nigripes,1,1,0,0
Albatrosses,9,Short-tailed Albatross,Phoebastria albatrus,3,1,0,0
Shearwaters/Petrels,10,Northern Fulmar,Fulmarus glacialis,1,1,0,0
Shearwaters/Petrels,10,Great-winged Petrel,Pterodroma macroptera,5,1,0,0
Shearwaters/Petrels,10,Providence Petrel,Pterodroma solandri,4,1,0,0
Shearwaters/Petrels,10,Herald Petrel,Pterodroma arminjoniana,3,1,0,0
Shearwaters/Petrels,10,Murphy's Petrel,Pterodroma ultima,3,1,0,0
Shearwaters/Petrels,10,Mottled Petrel,Pterodroma inexpectata,2,1,0,0
Shearwaters/Petrels,10,Bermuda Petrel,Pterodroma cahow,3,1,0,0
Shearwaters/Petrels,10,Black-capped Petrel,Pterodroma hasitata,2,1,0,0
Shearwaters/Petrels,10,Galapagos/Hawaiian Petrel,Pterodroma phaeopygia/sandwichensis,4,1,0,0
Shearwaters/Petrels,10,Fea's Petrel,Pterodroma feae,3,1,0,0
Shearwaters/Petrels,10,Cook's Petrel,Pterodroma cookii,3,1,0,0
Shearwaters/Petrels,10,Stejneger's Petrel,Pterodroma longirostris,4,1,0,0
Shearwaters/Petrels,10,Bulwer's Petrel,Bulweria bulwerii,5,1,0,0
Shearwaters/Petrels,10,White-chinned Petrel,Procellaria aequinoctialis,5,1,0,0
Shearwaters/Petrels,10,Parkinson's Petrel,Procellaria parkinsoni,5,1,0,0
Shearwaters/Petrels,10,Streaked Shearwater,Calonectris leucomelas,4,1,0,0
Shearwaters/Petrels,10,Cory's Shearwater,Calonectris diomedea,1,1,0,0
Shearwaters/Petrels,10,Cape Verde Shearwater,Calonectris edwardsii,5,1,0,0
Shearwaters/Petrels,10,Pink-footed Shearwater,Puffinus creatopus,1,1,0,0
Shearwaters/Petrels,10,Flesh-footed Shearwater,Puffinus carneipes,3,1,0,0
Shearwaters/Petrels,10,Great Shearwater,Puffinus gravis,1,1,0,0
Shearwaters/Petrels,10,Wedge-tailed Shearwater,Puffinus pacificus,4,1,0,0
Shearwaters/Petrels,10,Buller's Shearwater,Puffinus bulleri,2,1,0,0
Shearwaters/Petrels,10,Sooty Shearwater,Puffinus griseus,1,1,0,0
Shearwaters/Petrels,10,Short-tailed Shearwater,Puffinus tenuirostris,2,1,0,0
Shearwaters/Petrels,10,Manx Shearwater,Puffinus puffinus,2,1,0,0
Shearwaters/Petrels,10,Townsend's Shearwater,Puffinus auricularis,5,1,0,0
Shearwaters/Petrels,10,Black-vented Shearwater,Puffinus opisthomelas,2,1,0,0
Shearwaters/Petrels,10,Audubon's Shearwater,Puffinus lherminieri,1,1,0,0
Shearwaters/Petrels,10,Little Shearwater,Puffinus assimilis,5,1,0,0
Storm-Petrels,11,Wilson's Storm-Petrel,Oceanites oceanicus,1,1,0,0
Storm-Petrels,11,White-faced Storm-Petrel,Pelagodroma marina,3,1,0,0
Storm-Petrels,11,European Storm-Petrel,Hydrobates pelagicus,4,1,0,0
Storm-Petrels,11,Black-bellied Storm-Petrel,Fregetta tropica,5,1,0,0
Storm-Petrels,11,Fork-tailed Storm-Petrel,Oceanodroma furcata,2,1,0,0
Storm-Petrels,11,Ringed Storm-Petrel,Oceanodroma hornbyi,5,1,0,0
Storm-Petrels,11,Swinhoe's Storm-Petrel,Oceanodroma monorhis,5,1,0,0
Storm-Petrels,11,Leach's Storm-Petrel,Oceanodroma leucorhoa,1,1,0,0
Storm-Petrels,11,Ashy Storm-Petrel,Oceanodroma homochroa,2,1,0,0
Storm-Petrels,11,Band-rumped Storm-Petrel,Oceanodroma castro,2,1,0,0
Storm-Petrels,11,Wedge-rumped Storm-Petrel,Oceanodroma tethys,4,1,0,0
Storm-Petrels,11,Black Storm-Petrel,Oceanodroma melania,2,1,0,0
Storm-Petrels,11,Tristram's Storm-Petrel,Oceanodroma tristrami,5,1,0,0
Storm-Petrels,11,Least Storm-Petrel,Oceanodroma microsoma,3,1,0,0
Tropicbirds,12,White-tailed Tropicbird,Phaethon lepturus,3,1,0,0
Tropicbirds,12,Red-billed Tropicbird,Phaethon aethereus,3,1,0,0
Tropicbirds,12,Red-tailed Tropicbird,Phaethon rubricauda,4,1,0,0
Storks,13,Jabiru,Jabiru mycteria,4,0,0,0
Storks,13,Wood Stork,Mycteria americana,1,0,0,0
Frigatebirds,14,Magnificent Frigatebird,Fregata magnificens,1,1,0,0
Frigatebirds,14,Great Frigatebird,Fregata minor,5,1,0,0
Frigatebirds,14,Lesser Frigatebird,Fregata ariel,5,1,0,0
Sulidae,15,Masked Booby,Sula dactylatra,3,1,0,0
Sulidae,15,Blue-footed Booby,Sula nebouxii,4,1,0,0
Sulidae,15,Brown Booby,Sula leucogaster,3,1,0,0
Sulidae,15,Red-footed Booby,Sula sula,4,1,0,0
Sulidae,15,Northern Gannet,Morus bassanus,1,1,0,0
Cormorants,16,Brandt's Cormorant,Phalacrocorax penicillatus,1,0,0,0
Cormorants,16,Neotropic Cormorant,Phalacrocorax brasilianus,1,0,0,0
Cormorants,16,Double-crested Cormorant,Phalacrocorax auritus,1,0,0,0
Cormorants,16,Great Cormorant,Phalacrocorax carbo,1,0,0,0
Cormorants,16,Red-faced Cormorant,Phalacrocorax urile,2,0,0,0
Cormorants,16,Pelagic Cormorant,Phalacrocorax pelagicus,1,0,0,0
Darters,17,Anhinga,Anhinga anhinga,1,0,0,0
Pelicans,18,American White Pelican,Pelecanus erythrorhynchos,1,0,0,0
Pelicans,18,Brown Pelican,Pelecanus occidentalis,1,0,0,0
Herons/Egrets,19,American Bittern,Botaurus lentiginosus,1,0,0,0
Herons/Egrets,19,Yellow Bittern,Ixobrychus sinensis,5,0,0,0
Herons/Egrets,19,Least Bittern,Ixobrychus exilis,1,0,0,0
Herons/Egrets,19,Bare-throated Tiger-Heron,Tigrisoma mexicanum,5,0,0,0
Herons/Egrets,19,Great Blue Heron,Ardea herodias,1,0,0,0
Herons/Egrets,19,Gray Heron,Ardea cinerea,5,0,0,0
Herons/Egrets,19,Great Egret,Ardea alba,1,0,0,0
Herons/Egrets,19,Intermediate Egret,Mesophoyx intermedia,5,0,0,0
Herons/Egrets,19,Chinese Egret,Egretta eulophotes,5,0,0,0
Herons/Egrets,19,Little Egret,Egretta garzetta,4,0,0,0
Herons/Egrets,19,Western Reef-Heron,Egretta gularis,5,0,0,0
Herons/Egrets,19,Snowy Egret,Egretta thula,1,0,0,0
Herons/Egrets,19,Little Blue Heron,Egretta caerulea,1,0,0,0
Herons/Egrets,19,Tricolored Heron,Egretta tricolor,1,0,0,0
Herons/Egrets,19,Reddish Egret,Egretta rufescens,1,0,0,0
Herons/Egrets,19,Cattle Egret,Bubulcus ibis,1,0,0,0
Herons/Egrets,19,Chinese Pond-Heron,Ardeola bacchus,5,0,0,0
Herons/Egrets,19,Green Heron,Butorides virescens,1,0,0,0
Herons/Egrets,19,Black-crowned Night-Heron,Nycticorax nycticorax,1,0,0,0
Herons/Egrets,19,Yellow-crowned Night-Heron,Nyctanassa violacea,1,0,0,0
Ibises,20,White Ibis,Eudocimus albus,1,0,0,0
Ibises,20,Scarlet Ibis,Eudocimus ruber,5,0,0,0
Ibises,20,Glossy Ibis,Plegadis falcinellus,1,0,0,0
Ibises,20,White-faced Ibis,Plegadis chihi,1,0,0,0
Ibises,20,Roseate Spoonbill,Platalea ajaja,1,0,0,0
Vultures,21,Black Vulture,Coragyps atratus,1,0,0,0
Vultures,21,Turkey Vulture,Cathartes aura,1,0,0,0
Vultures,21,California Condor,Gymnogyps californianus,6,0,0,0
Ospreys,22,Osprey,Pandion haliaetus,1,0,0,0
Raptors,23,Hook-billed Kite,Chondrohierax uncinatus,3,0,0,0
Raptors,23,Swallow-tailed Kite,Elanoides forficatus,1,0,0,0
Raptors,23,White-tailed Kite,Elanus leucurus,1,0,0,0
Raptors,23,Snail Kite,Rostrhamus sociabilis,2,0,0,0
Raptors,23,Double-toothed Kite,Harpagus bidentatus,5,0,0,0
Raptors,23,Mississippi Kite,Ictinia mississippiensis,1,0,0,0
Raptors,23,Bald Eagle,Haliaeetus leucocephalus,1,0,0,0
Raptors,23,White-tailed Eagle,Haliaeetus albicilla,4,0,0,0
Raptors,23,Steller's Sea-Eagle,Haliaeetus pelagicus,4,0,0,0
Raptors,23,Northern Harrier,Circus cyaneus,1,0,0,0
Raptors,23,Sharp-shinned Hawk,Accipiter striatus,1,0,0,0
Raptors,23,Cooper's Hawk,Accipiter cooperii,1,0,0,0
Raptors,23,Northern Goshawk,Accipiter gentilis,1,0,0,0
Raptors,23,Crane Hawk,Geranospiza caerulescens,5,0,0,0
Raptors,23,Common Black-Hawk,Buteogallus anthracinus,2,0,0,0
Raptors,23,Harris's Hawk,Parabuteo unicinctus,1,0,0,0
Raptors,23,Roadside Hawk,Buteo magnirostris,4,0,0,0
Raptors,23,Red-shouldered Hawk,Buteo lineatus,1,0,0,0
Raptors,23,Broad-winged Hawk,Buteo platypterus,1,0,0,0
Raptors,23,Gray Hawk,Buteo plagiatus,2,0,0,0
Raptors,23,Short-tailed Hawk,Buteo brachyurus,2,0,0,0
Raptors,23,Swainson's Hawk,Buteo swainsoni,1,0,0,0
Raptors,23,White-tailed Hawk,Buteo albicaudatus,2,0,0,0
Raptors,23,Zone-tailed Hawk,Buteo albonotatus,2,0,0,0
Raptors,23,Red-tailed Hawk,Buteo jamaicensis,1,0,0,0
Raptors,23,Ferruginous Hawk,Buteo regalis,1,0,0,0
Raptors,23,Rough-legged Hawk,Buteo lagopus,1,0,0,0
Raptors,23,Golden Eagle,Aquila chrysaetos,1,0,0,0
Rails,24,Yellow Rail,Coturnicops noveboracensis,2,0,0,0
Rails,24,Black Rail,Laterallus jamaicensis,2,0,0,0
Rails,24,Corn Crake,Crex crex,4,0,0,0
Rails,24,Clapper Rail,Rallus longirostris,1,0,0,0
Rails,24,King Rail,Rallus elegans,1,0,0,0
Rails,24,Virginia Rail,Rallus limicola,1,0,0,0
Rails,24,Sora,Porzana carolina,1,0,0,0
Rails,24,Paint-billed Crake,Neocrex erythrops,5,0,0,0
Rails,24,Spotted Rail,Pardirallus maculatus,5,0,0,0
Rails,24,Purple Gallinule,Porphyrio martinicus,1,0,0,0
Rails,24,Common Gallinule,Gallinula galeata,1,0,0,0
Rails,24,Eurasian Coot,Fulica atra,5,0,0,0
Rails,24,American Coot,Fulica americana,1,0,0,0
Sungrebes,25,Sungrebe,Heliornis fulica,5,0,0,0
Limpkins,26,Limpkin,Aramus guarauna,2,0,0,0
Cranes,27,Sandhill Crane,Grus canadensis,1,0,0,0
Cranes,27,Common Crane,Grus grus,4,0,0,0
Cranes,27,Whooping Crane,Grus americana,2,0,0,0
Thick-knees,28,Double-striped Thick-knee,Burhinus bistriatus,5,0,1,0
Plovers/Lapwings,29,Northern Lapwing,Vanellus vanellus,4,0,1,0
Plovers/Lapwings,29,Black-bellied Plover,Pluvialis squatarola,1,0,1,0
Plovers/Lapwings,29,European Golden-Plover,Pluvialis apricaria,4,0,1,0
Plovers/Lapwings,29,American Golden-Plover,Pluvialis dominica,1,0,1,0
Plovers/Lapwings,29,Pacific Golden-Plover,Pluvialis fulva,2,0,1,0
Plovers/Lapwings,29,Lesser Sand-Plover,Charadrius mongolus,3,0,1,0
Plovers/Lapwings,29,Greater Sand-Plover,Charadrius leschenaultii,5,0,1,0
Plovers/Lapwings,29,Collared Plover,Charadrius collaris,5,0,1,0
Plovers/Lapwings,29,Snowy Plover,Charadrius nivosus,1,0,1,0
Plovers/Lapwings,29,Wilson's Plover,Charadrius wilsonia,1,0,1,0
Plovers/Lapwings,29,Common Ringed Plover,Charadrius hiaticula,2,0,1,0
Plovers/Lapwings,29,Semipalmated Plover,Charadrius semipalmatus,1,0,1,0
Plovers/Lapwings,29,Piping Plover,Charadrius melodus,2,0,1,0
Plovers/Lapwings,29,Little Ringed Plover,Charadrius dubius,5,0,1,0
Plovers/Lapwings,29,Killdeer,Charadrius vociferus,1,0,1,0
Plovers/Lapwings,29,Mountain Plover,Charadrius montanus,2,0,1,0
Plovers/Lapwings,29,Eurasian Dotterel,Charadrius morinellus,4,0,1,0
Oystercatchers,30,Eurasian Oystercatcher,Haematopus ostralegus,5,0,0,0
Oystercatchers,30,American Oystercatcher,Haematopus palliatus,1,0,0,0
Oystercatchers,30,Black Oystercatcher,Haematopus bachmani,1,0,0,0
Stilts/Avocets,31,Black-winged Stilt,Himantopus himantopus,5,0,1,0
Stilts/Avocets,31,Black-necked Stilt,Himantopus mexicanus,1,0,1,0
Stilts/Avocets,31,American Avocet,Recurvirostra americana,1,0,1,0
Jacanas,32,Northern Jacana,Jacana spinosa,4,0,0,0
Sandpiper/Allies,33,Terek Sandpiper,Xenus cinereus,3,0,1,0
Sandpiper/Allies,33,Common Sandpiper,Actitis hypoleucos,3,0,1,0
Sandpiper/Allies,33,Spotted Sandpiper,Actitis macularius,1,0,1,0
Sandpiper/Allies,33,Green Sandpiper,Tringa ochropus,4,0,1,0
Sandpiper/Allies,33,Solitary Sandpiper,Tringa solitaria,1,0,1,0
Sandpiper/Allies,33,Gray-tailed Tattler,Tringa brevipes,3,0,1,0
Sandpiper/Allies,33,Wandering Tattler,Tringa incana,1,0,1,0
Sandpiper/Allies,33,Spotted Redshank,Tringa erythropus,4,0,1,0
Sandpiper/Allies,33,Greater Yellowlegs,Tringa melanoleuca,1,0,1,0
Sandpiper/Allies,33,Common Greenshank,Tringa nebularia,3,0,1,0
Sandpiper/Allies,33,Willet,Tringa semipalmata,1,0,1,0
Sandpiper/Allies,33,Lesser Yellowlegs,Tringa flavipes,1,0,1,0
Sandpiper/Allies,33,Marsh Sandpiper,Tringa stagnatilis,5,0,1,0
Sandpiper/Allies,33,Wood Sandpiper,Tringa glareola,2,0,1,0
Sandpiper/Allies,33,Common Redshank,Tringa totanus,5,0,1,0
Sandpiper/Allies,33,Upland Sandpiper,Bartramia longicauda,1,0,1,0
Sandpiper/Allies,33,Little Curlew,Numenius minutus,5,0,1,0
Sandpiper/Allies,33,Eskimo Curlew,Numenius borealis,6,0,1,0
Sandpiper/Allies,33,Whimbrel,Numenius phaeopus,1,0,1,0
Sandpiper/Allies,33,Bristle-thighed Curlew,Numenius tahitiensis,2,0,1,0
Sandpiper/Allies,33,Far Eastern Curlew,Numenius madagascariensis,4,0,1,0
Sandpiper/Allies,33,Slender-billed Curlew,Numenius tenuirostris,6,0,1,0
Sandpiper/Allies,33,Eurasian Curlew,Numenius arquata,4,0,1,0
Sandpiper/Allies,33,Long-billed Curlew,Numenius americanus,1,0,1,0
Sandpiper/Allies,33,Black-tailed Godwit,Limosa limosa,3,0,1,0
Sandpiper/Allies,33,Hudsonian Godwit,Limosa haemastica,1,0,1,0
Sandpiper/Allies,33,Bar-tailed Godwit,Limosa lapponica,2,0,1,0
Sandpiper/Allies,33,Marbled Godwit,Limosa fedoa,1,0,1,0
Sandpiper/Allies,33,Ruddy Turnstone,Arenaria interpres,1,0,1,0
Sandpiper/Allies,33,Black Turnstone,Arenaria melanocephala,1,0,1,0
Sandpiper/Allies,33,Surfbird,Aphriza virgata,1,0,1,0
Sandpiper/Allies,33,Great Knot,Calidris tenuirostris,4,0,1,0
Sandpiper/Allies,33,Red Knot,Calidris canutus,1,0,1,0
Sandpiper/Allies,33,Sanderling,Calidris alba,1,0,1,0
Sandpiper/Allies,33,Semipalmated Sandpiper,Calidris pusilla,1,0,1,0
Sandpiper/Allies,33,Western Sandpiper,Calidris mauri,1,0,1,0
Sandpiper/Allies,33,Red-necked Stint,Calidris ruficollis,3,0,1,0
Sandpiper/Allies,33,Little Stint,Calidris minuta,4,0,1,0
Sandpiper/Allies,33,Temminck's Stint,Calidris temminckii,3,0,1,0
Sandpiper/Allies,33,Long-toed Stint,Calidris subminuta,3,0,1,0
Sandpiper/Allies,33,Least Sandpiper,Calidris minutilla,1,0,1,0
Sandpiper/Allies,33,White-rumped Sandpiper,Calidris fuscicollis,1,0,1,0
Sandpiper/Allies,33,Baird's Sandpiper,Calidris bairdii,1,0,1,0
Sandpiper/Allies,33,Pectoral Sandpiper,Calidris melanotos,1,0,1,0
Sandpiper/Allies,33,Sharp-tailed Sandpiper,Calidris acuminata,3,0,1,0
Sandpiper/Allies,33,Purple Sandpiper,Calidris maritima,1,0,1,0
Sandpiper/Allies,33,Rock Sandpiper,Calidris ptilocnemis,2,0,1,0
Sandpiper/Allies,33,Dunlin,Calidris alpina,1,0,1,0
Sandpiper/Allies,33,Curlew Sandpiper,Calidris ferruginea,3,0,1,0
Sandpiper/Allies,33,Stilt Sandpiper,Calidris himantopus,1,0,1,0
Sandpiper/Allies,33,Spoon-billed Sandpiper,Eurynorhynchus pygmeus,4,0,1,0
Sandpiper/Allies,33,Broad-billed Sandpiper,Limicola falcinellus,4,0,1,0
Sandpiper/Allies,33,Buff-breasted Sandpiper,Tryngites subruficollis,1,0,1,0
Sandpiper/Allies,33,Ruff,Philomachus pugnax,3,0,1,0
Sandpiper/Allies,33,Short-billed Dowitcher,Limnodromus griseus,1,0,1,0
Sandpiper/Allies,33,Long-billed Dowitcher,Limnodromus scolopaceus,1,0,1,0
Sandpiper/Allies,33,Jack Snipe,Lymnocryptes minimus,4,0,1,0
Sandpiper/Allies,33,Wilson's Snipe,Gallinago delicata,1,0,1,0
Sandpiper/Allies,33,Common Snipe,Gallinago gallinago,3,0,1,0
Sandpiper/Allies,33,Pin-tailed Snipe,Gallinago stenura,5,0,1,0
Sandpiper/Allies,33,Solitary Snipe,Gallinago solitaria,5,0,1,0
Terrestrial Shorebird,34,Eurasian Woodcock,Scolopax rusticola,5,0,0,0
Terrestrial Shorebird,34,American Woodcock,Scolopax minor,1,0,0,0
Phalarope,35,Wilson's Phalarope,Phalaropus tricolor,1,0,0,0
Phalarope,35,Red-necked Phalarope,Phalaropus lobatus,1,0,0,0
Phalarope,35,Red Phalarope,Phalaropus fulicarius,1,1,0,0
Pratincoles,36,Oriental Pratincole,Glareola maldivarum,5,0,0,0
Gulls/Terns,37,Swallow-tailed Gull,Creagrus furcatus,5,0,0,0
Gulls/Terns,37,Black-legged Kittiwake,Rissa tridactyla,1,0,0,0
Gulls/Terns,37,Red-legged Kittiwake,Rissa brevirostris,2,0,0,0
Gulls/Terns,37,Ivory Gull,Pagophila eburnea,3,0,0,0
Gulls/Terns,37,Sabine's Gull,Xema sabini,1,0,0,0
Gulls/Terns,37,Bonaparte's Gull,Chroicocephalus philadelphia,1,0,0,0
Gulls/Terns,37,Gray-hooded Gull,Chroicocephalus cirrocephalus,5,0,0,0
Gulls/Terns,37,Black-headed Gull,Chroicocephalus ridibundus,3,0,0,0
Gulls/Terns,37,Little Gull,Hydrocoloeus minutus,3,0,0,0
Gulls/Terns,37,Ross's Gull,Rhodostethia rosea,3,0,0,0
Gulls/Terns,37,Laughing Gull,Leucophaeus atricilla,1,0,0,0
Gulls/Terns,37,Franklin's Gull,Leucophaeus pipixcan,1,0,0,0
Gulls/Terns,37,Belcher's Gull,Larus belcheri,5,0,0,0
Gulls/Terns,37,Black-tailed Gull,Larus crassirostris,4,0,0,0
Gulls/Terns,37,Heermann's Gull,Larus heermanni,1,0,0,0
Gulls/Terns,37,Mew Gull,Larus canus,1,0,0,0
Gulls/Terns,37,Ring-billed Gull,Larus delawarensis,1,0,0,0
Gulls/Terns,37,Western Gull,Larus occidentalis,1,0,0,0
Gulls/Terns,37,Yellow-footed Gull,Larus livens,2,0,0,0
Gulls/Terns,37,California Gull,Larus californicus,1,0,0,0
Gulls/Terns,37,Herring Gull,Larus argentatus,1,0,0,0
Gulls/Terns,37,Yellow-legged Gull,Larus michahellis,4,0,0,0
Gulls/Terns,37,Thayer's Gull,Larus thayeri,2,0,0,0
Gulls/Terns,37,Iceland Gull,Larus glaucoides,2,0,0,0
Gulls/Terns,37,Lesser Black-backed Gull,Larus fuscus,2,0,0,0
Gulls/Terns,37,Slaty-backed Gull,Larus schistisagus,3,0,0,0
Gulls/Terns,37,Glaucous-winged Gull,Larus glaucescens,1,0,0,0
Gulls/Terns,37,Glaucous Gull,Larus hyperboreus,1,0,0,0
Gulls/Terns,37,Great Black-backed Gull,Larus marinus,1,0,0,0
Gulls/Terns,37,Kelp Gull,Larus dominicanus,4,0,0,0
Gulls/Terns,37,Brown Noddy,Anous stolidus,2,1,0,0
Gulls/Terns,37,Black Noddy,Anous minutus,3,1,0,0
Gulls/Terns,37,Sooty Tern,Onychoprion fuscatus,2,1,0,0
Gulls/Terns,37,Bridled Tern,Onychoprion anaethetus,2,0,0,0
Gulls/Terns,37,Aleutian Tern,Onychoprion aleuticus,2,0,0,0
Gulls/Terns,37,Least Tern,Sternula antillarum,1,0,0,0
Gulls/Terns,37,Large-billed Tern,Phaetusa simplex,5,0,0,0
Gulls/Terns,37,Gull-billed Tern,Gelochelidon nilotica,1,0,0,0
Gulls/Terns,37,Caspian Tern,Hydroprogne caspia,1,0,0,0
Gulls/Terns,37,Black Tern,Chlidonias niger,1,0,0,0
Gulls/Terns,37,White-winged Tern,Chlidonias leucopterus,4,0,0,0
Gulls/Terns,37,Whiskered Tern,Chlidonias hybrida,5,0,0,0
Gulls/Terns,37,Roseate Tern,Sterna dougallii,2,0,0,0
Gulls/Terns,37,Common Tern,Sterna hirundo,1,0,0,0
Gulls/Terns,37,Arctic Tern,Sterna paradisaea,1,0,0,0
Gulls/Terns,37,Forster's Tern,Sterna forsteri,1,0,0,0
Gulls/Terns,37,Royal Tern,Thalasseus maximus,1,0,0,0
Gulls/Terns,37,Sandwich Tern,Thalasseus sandvicensis,1,0,0,0
Gulls/Terns,37,Elegant Tern,Thalasseus elegans,1,0,0,0
Gulls/Terns,37,Black Skimmer,Rynchops niger,1,0,0,0
Skuas/Jaegers,38,Great Skua,Stercorarius skua,3,1,0,0
Skuas/Jaegers,38,South Polar Skua,Stercorarius maccormicki,2,1,0,0
Skuas/Jaegers,38,Pomarine Jaeger,Stercorarius pomarinus,1,1,0,0
Skuas/Jaegers,38,Parasitic Jaeger,Stercorarius parasiticus,1,1,0,0
Skuas/Jaegers,38,Long-tailed Jaeger,Stercorarius longicaudus,1,1,0,0
Alcids,39,Dovekie,Alle alle,2,1,0,0
Alcids,39,Common Murre,Uria aalge,1,1,0,0
Alcids,39,Thick-billed Murre,Uria lomvia,1,1,0,0
Alcids,39,Razorbill,Alca torda,1,1,0,0
Alcids,39,Great Auk,Pinguinus impennis,6,1,0,0
Alcids,39,Black Guillemot,Cepphus grylle,1,1,0,0
Alcids,39,Pigeon Guillemot,Cepphus columba,1,1,0,0
Alcids,39,Long-billed Murrelet,Brachyramphus perdix,3,1,0,0
Alcids,39,Marbled Murrelet,Brachyramphus marmoratus,1,1,0,0
Alcids,39,Kittlitz's Murrelet,Brachyramphus brevirostris,2,1,0,0
Alcids,39,Scripps’s Murrelet,Synthliboramphus scrippsi,2,1,0,0
Alcids,39,Guadalupe Murrelet,Synthliboramphus hypoleucus,3,1,0,0
Alcids,39,Craveri's Murrelet,Synthliboramphus craveri,3,1,0,0
Alcids,39,Ancient Murrelet,Synthliboramphus antiquus,2,1,0,0
Alcids,39,Cassin's Auklet,Ptychoramphus aleuticus,1,1,0,0
Alcids,39,Parakeet Auklet,Aethia psittacula,2,1,0,0
Alcids,39,Least Auklet,Aethia pusilla,2,1,0,0
Alcids,39,Whiskered Auklet,Aethia pygmaea,2,1,0,0
Alcids,39,Crested Auklet,Aethia cristatella,2,1,0,0
Alcids,39,Rhinoceros Auklet,Cerorhinca monocerata,1,1,0,0
Alcids,39,Atlantic Puffin,Fratercula arctica,1,1,0,0
Alcids,39,Horned Puffin,Fratercula corniculata,1,1,0,0
Alcids,39,Tufted Puffin,Fratercula cirrhata,1,1,0,0
Pigeons/Doves,40,Rock Pigeon,Columba livia,1,0,0,0
Pigeons/Doves,40,Scaly-naped Pigeon,Patagioenas squamosa,5,0,0,0
Pigeons/Doves,40,White-crowned Pigeon,Patagioenas leucocephala,2,0,0,0
Pigeons/Doves,40,Red-billed Pigeon,Patagioenas flavirostris,2,0,0,0
Pigeons/Doves,40,Band-tailed Pigeon,Patagioenas fasciata,1,0,0,0
Pigeons/Doves,40,Oriental Turtle-Dove,Streptopelia orientalis,4,0,0,0
Pigeons/Doves,40,European Turtle-Dove,Streptopelia turtur,5,0,0,0
Pigeons/Doves,40,Eurasian Collared-Dove,Streptopelia decaocto,1,0,0,0
Pigeons/Doves,40,Spotted Dove,Streptopelia chinensis,2,0,0,0
Pigeons/Doves,40,White-winged Dove,Zenaida asiatica,1,0,0,0
Pigeons/Doves,40,Zenaida Dove,Zenaida aurita,5,0,0,0
Pigeons/Doves,40,Mourning Dove,Zenaida macroura,1,0,0,0
Pigeons/Doves,40,Passenger Pigeon,Ectopistes migratorius,6,0,0,0
Pigeons/Doves,40,Inca Dove,Columbina inca,1,0,0,0
Pigeons/Doves,40,Common Ground-Dove,Columbina passerina,1,0,0,0
Pigeons/Doves,40,Ruddy Ground-Dove,Columbina talpacoti,3,0,0,0
Pigeons/Doves,40,White-tipped Dove,Leptotila verreauxi,2,0,0,0
Pigeons/Doves,40,Key West Quail-Dove,Geotrygon chrysia,4,0,0,0
Pigeons/Doves,40,Ruddy Quail-Dove,Geotrygon montana,5,0,0,0
Cuckoos,41,Common Cuckoo,Cuculus canorus,3,0,0,0
Cuckoos,41,Oriental Cuckoo,Cuculus optatus,4,0,0,0
Cuckoos,41,Yellow-billed Cuckoo,Coccyzus americanus,1,0,0,0
Cuckoos,41,Mangrove Cuckoo,Coccyzus minor,2,0,0,0
Cuckoos,41,Black-billed Cuckoo,Coccyzus erythropthalmus,1,0,0,0
Cuckoos,41,Greater Roadrunner,Geococcyx californianus,1,0,0,0
Cuckoos,41,Smooth-billed Ani,Crotophaga ani,3,0,0,0
Cuckoos,41,Groove-billed Ani,Crotophaga sulcirostris,2,0,0,0
Owls,42,Barn Owl,Tyto alba,1,0,0,0
Owls,42,Flammulated Owl,Otus flammeolus,2,0,0,0
Owls,42,Oriental Scops-Owl,Otus sunia,5,0,0,0
Owls,42,Western Screech-Owl,Megascops kennicottii,1,0,0,0
Owls,42,Eastern Screech-Owl,Megascops asio,1,0,0,0
Owls,42,Whiskered Screech-Owl,Megascops trichopsis,2,0,0,0
Owls,42,Great Horned Owl,Bubo virginianus,1,0,0,0
Owls,42,Snowy Owl,Bubo scandiacus,2,0,0,0
Owls,42,Northern Hawk Owl,Surnia ulula,2,0,0,0
Owls,42,Northern Pygmy-Owl,Glaucidium gnoma,2,0,0,0
Owls,42,Ferruginous Pygmy-Owl,Glaucidium brasilianum,3,0,0,0
Owls,42,Elf Owl,Micrathene whitneyi,2,0,0,0
Owls,42,Burrowing Owl,Athene cunicularia,1,0,0,0
Owls,42,Mottled Owl,Ciccaba virgata,5,0,0,0
Owls,42,Spotted Owl,Strix occidentalis,2,0,0,0
Owls,42,Barred Owl,Strix varia,1,0,0,0
Owls,42,Great Gray Owl,Strix nebulosa,2,0,0,0
Owls,42,Long-eared Owl,Asio otus,2,0,0,0
Owls,42,Stygian Owl,Asio stygius,5,0,0,0
Owls,42,Short-eared Owl,Asio flammeus,1,0,0,0
Owls,42,Boreal Owl,Aegolius funereus,2,0,0,0
Owls,42,Northern Saw-whet Owl,Aegolius acadicus,2,0,0,0
Owls,42,Brown Hawk-Owl,Ninox scutulata,5,0,0,0
Caprimulgiformes,43,Lesser Nighthawk,Chordeiles acutipennis,1,0,0,0
Caprimulgiformes,43,Common Nighthawk,Chordeiles minor,1,0,0,0
Caprimulgiformes,43,Antillean Nighthawk,Chordeiles gundlachii,2,0,0,0
Caprimulgiformes,43,Common Pauraque,Nyctidromus albicollis,2,0,0,0
Caprimulgiformes,43,Common Poorwill,Phalaenoptilus nuttallii,1,0,0,0
Caprimulgiformes,43,Chuck-will's-widow,Antrostomus carolinensis,1,0,0,0
Caprimulgiformes,43,Buff-collared Nightjar,Antrostomus ridgwayi,3,0,0,0
Caprimulgiformes,43,Eastern Whip-poor-will,Antrostomus vociferus,1,0,0,0
Caprimulgiformes,43,Mexican Whip-poor-will,Antrostomus arizonae,1,0,0,0
Caprimulgiformes,43,Gray Nightjar,Caprimulgus indicus,5,0,0,0
Swifts,44,Black Swift,Cypseloides niger,2,0,0,0
Swifts,44,White-collared Swift,Streptoprocne zonaris,4,0,0,0
Swifts,44,Chimney Swift,Chaetura pelagica,1,0,0,0
Swifts,44,Vaux's Swift,Chaetura vauxi,1,0,0,0
Swifts,44,White-throated Needletail,Hirundapus caudacutus,5,0,0,0
Swifts,44,Common Swift,Apus apus,5,0,0,0
Swifts,44,Fork-tailed Swift,Apus pacificus,4,0,0,0
Swifts,44,White-throated Swift,Aeronautes saxatalis,1,0,0,0
Swifts,44,Antillean Palm-Swift,Tachornis phoenicobia,5,0,0,0
Hummingbirds,45,Green Violetear,Colibri thalassinus,3,0,0,0
Hummingbirds,45,Green-breasted Mango,Anthracothorax prevostii,4,0,0,0
Hummingbirds,45,Magnificent Hummingbird,Eugenes fulgens,2,0,0,0
Hummingbirds,45,Plain-capped Starthroat,Heliomaster constantii,4,0,0,0
Hummingbirds,45,Blue-throated Hummingbird,Lampornis clemenciae,2,0,0,0
Hummingbirds,45,Bahama Woodstar,Calliphlox evelynae,5,0,0,0
Hummingbirds,45,Lucifer Hummingbird,Calothorax lucifer,2,0,0,0
Hummingbirds,45,Ruby-throated Hummingbird,Archilochus colubris,1,0,0,0
Hummingbirds,45,Black-chinned Hummingbird,Archilochus alexandri,1,0,0,0
Hummingbirds,45,Anna's Hummingbird,Calypte anna,1,0,0,0
Hummingbirds,45,Costa's Hummingbird,Calypte costae,1,0,0,0
Hummingbirds,45,Bumblebee Hummingbird,Atthis heloisa,5,0,0,0
Hummingbirds,45,Broad-tailed Hummingbird,Selasphorus platycercus,1,0,0,0
Hummingbirds,45,Rufous Hummingbird,Selasphorus rufus,1,0,0,0
Hummingbirds,45,Allen's Hummingbird,Selasphorus sasin,1,0,0,0
Hummingbirds,45,Calliope Hummingbird,Selasphorus calliope,1,0,0,0
Hummingbirds,45,Broad-billed Hummingbird,Cynanthus latirostris,2,0,0,0
Hummingbirds,45,Berylline Hummingbird,Amazilia beryllina,3,0,0,0
Hummingbirds,45,Buff-bellied Hummingbird,Amazilia yucatanensis,2,0,0,0
Hummingbirds,45,Cinnamon Hummingbird,Amazilia rutila,5,0,0,0
Hummingbirds,45,Violet-crowned Hummingbird,Amazilia violiceps,2,0,0,0
Hummingbirds,45,White-eared Hummingbird,Hylocharis leucotis,3,0,0,0
Hummingbirds,45,Xantus's Hummingbird,Hylocharis xantusii,5,0,0,0
Trogons,46,Elegant Trogon,Trogon elegans,2,0,0,0
Trogons,46,Eared Quetzal,Euptilotis neoxenus,4,0,0,0
Hoopoes,47,Eurasian Hoopoe,Upupa epops,5,0,0,0
Kingfishers,48,Ringed Kingfisher,Megaceryle torquata,2,0,0,0
Kingfishers,48,Belted Kingfisher,Megaceryle alcyon,1,0,0,0
Kingfishers,48,Amazon Kingfisher,Chloroceryle amazona,5,0,0,0
Kingfishers,48,Green Kingfisher,Chloroceryle americana,2,0,0,0
Woodpeckers,49,Eurasian Wryneck,Jynx torquilla,5,0,0,0
Woodpeckers,49,Lewis's Woodpecker,Melanerpes lewis,1,0,0,0
Woodpeckers,49,Red-headed Woodpecker,Melanerpes erythrocephalus,1,0,0,0
Woodpeckers,49,Acorn Woodpecker,Melanerpes formicivorus,1,0,0,0
Woodpeckers,49,Gila Woodpecker,Melanerpes uropygialis,1,0,0,0
Woodpeckers,49,Golden-fronted Woodpecker,Melanerpes aurifrons,1,0,0,0
Woodpeckers,49,Red-bellied Woodpecker,Melanerpes carolinus,1,0,0,0
Woodpeckers,49,Williamson's Sapsucker,Sphyrapicus thyroideus,1,0,0,0
Woodpeckers,49,Yellow-bellied Sapsucker,Sphyrapicus varius,1,0,0,0
Woodpeckers,49,Red-naped Sapsucker,Sphyrapicus nuchalis,1,0,0,0
Woodpeckers,49,Red-breasted Sapsucker,Sphyrapicus ruber,1,0,0,0
Woodpeckers,49,Great Spotted Woodpecker,Dendrocopos major,4,0,0,0
Woodpeckers,49,Ladder-backed Woodpecker,Picoides scalaris,1,0,0,0
Woodpeckers,49,Nuttall's Woodpecker,Picoides nuttallii,1,0,0,0
Woodpeckers,49,Downy Woodpecker,Picoides pubescens,1,0,0,0
Woodpeckers,49,Hairy Woodpecker,Picoides villosus,1,0,0,0
Woodpeckers,49,Arizona Woodpecker,Picoides arizonae,2,0,0,0
Woodpeckers,49,Red-cockaded Woodpecker,Picoides borealis,2,0,0,0
Woodpeckers,49,White-headed Woodpecker,Picoides albolarvatus,1,0,0,0
Woodpeckers,49,American Three-toed Woodpecker,Picoides dorsalis,2,0,0,0
Woodpeckers,49,Black-backed Woodpecker,Picoides arcticus,2,0,0,0
Woodpeckers,49,Northern Flicker,Colaptes auratus,1,0,0,0
Woodpeckers,49,Gilded Flicker,Colaptes chrysoides,2,0,0,0
Woodpeckers,49,Pileated Woodpecker,Dryocopus pileatus,1,0,0,0
Woodpeckers,49,Ivory-billed Woodpecker,Campephilus principalis,6,0,0,0
Falcons,50,Collared Forest-Falcon,Micrastur semitorquatus,5,0,0,0
Falcons,50,Crested Caracara,Caracara cheriway,1,0,0,0
Falcons,50,Eurasian Kestrel,Falco tinnunculus,4,0,0,0
Falcons,50,American Kestrel,Falco sparverius,1,0,0,0
Falcons,50,Red-footed Falcon,Falco vespertinus,5,0,0,0
Falcons,50,Merlin,Falco columbarius,1,0,0,0
Falcons,50,Eurasian Hobby,Falco subbuteo,4,0,0,0
Falcons,50,Aplomado Falcon,Falco femoralis,3,0,0,0
Falcons,50,Gyrfalcon,Falco rusticolus,2,0,0,0
Falcons,50,Peregrine Falcon,Falco peregrinus,1,0,0,0
Falcons,50,Prairie Falcon,Falco mexicanus,1,0,0,0
Psittaformes,51,Budgerigar,Melopsittacus undulatus,3,0,0,0
Psittaformes,51,Rosy-faced Lovebird,Agapornis roseicollis,2,0,0,0
Psittaformes,51,Monk Parakeet,Myiopsitta monachus,2,0,0,0
Psittaformes,51,Carolina Parakeet,Conuropsis carolinensis,6,0,0,0
Psittaformes,51,Green Parakeet,Aratinga holochlora,2,0,0,0
Psittaformes,51,Nanday Parakeet,Nandayus nenday,2,0,0,0
Psittaformes,51,Thick-billed Parrot,Rhynchopsitta pachyrhyncha,6,0,0,0
Psittaformes,51,White-winged Parakeet,Brotogeris versicolurus,2,0,0,0
Psittaformes,51,Red-crowned Parrot,Amazona viridigenalis,2,0,0,1
Tyrants,52,Northern Beardless-Tyrannulet,Camptostoma imberbe,2,0,0,1
Tyrants,52,Greenish Elaenia,Myiopagis viridicata,5,0,0,1
Tyrants,52,White-crested Elaenia,Elaenia albiceps,5,0,0,1
Tyrants,52,Tufted Flycatcher,Mitrephanes phaeocercus,5,0,0,1
Tyrants,52,Olive-sided Flycatcher,Contopus cooperi,1,0,0,1
Tyrants,52,Greater Pewee,Contopus pertinax,2,0,0,1
Tyrants,52,Western Wood-Pewee,Contopus sordidulus,1,0,0,1
Tyrants,52,Eastern Wood-Pewee,Contopus virens,1,0,0,1
Tyrants,52,Cuban Pewee,Contopus caribaeus,5,0,0,1
Tyrants,52,Yellow-bellied Flycatcher,Empidonax flaviventris,1,0,0,1
Tyrants,52,Acadian Flycatcher,Empidonax virescens,1,0,0,1
Tyrants,52,Alder Flycatcher,Empidonax alnorum,1,0,0,1
Tyrants,52,Willow Flycatcher,Empidonax traillii,1,0,0,1
Tyrants,52,Least Flycatcher,Empidonax minimus,1,0,0,1
Tyrants,52,Hammond's Flycatcher,Empidonax hammondii,1,0,0,1
Tyrants,52,Gray Flycatcher,Empidonax wrightii,1,0,0,1
Tyrants,52,Dusky Flycatcher,Empidonax oberholseri,1,0,0,1
Tyrants,52,Pacific-slope Flycatcher,Empidonax difficilis,1,0,0,1
Tyrants,52,Cordilleran Flycatcher,Empidonax occidentalis,1,0,0,1
Tyrants,52,Buff-breasted Flycatcher,Empidonax fulvifrons,2,0,0,1
Tyrants,52,Black Phoebe,Sayornis nigricans,1,0,0,1
Tyrants,52,Eastern Phoebe,Sayornis phoebe,1,0,0,1
Tyrants,52,Say's Phoebe,Sayornis saya,1,0,0,1
Tyrants,52,Vermilion Flycatcher,Pyrocephalus rubinus,1,0,0,1
Tyrants,52,Dusky-capped Flycatcher,Myiarchus tuberculifer,2,0,0,1
Tyrants,52,Ash-throated Flycatcher,Myiarchus cinerascens,1,0,0,1
Tyrants,52,Nutting's Flycatcher,Myiarchus nuttingi,5,0,0,1
Tyrants,52,Great Crested Flycatcher,Myiarchus crinitus,1,0,0,1
Tyrants,52,Brown-crested Flycatcher,Myiarchus tyrannulus,1,0,0,1
Tyrants,52,La Sagra's Flycatcher,Myiarchus sagrae,3,0,0,1
Tyrants,52,Great Kiskadee,Pitangus sulphuratus,2,0,0,1
Tyrants,52,Social Flycatcher,Myiozetetes similis,5,0,0,1
Tyrants,52,Sulphur-bellied Flycatcher,Myiodynastes luteiventris,2,0,0,1
Tyrants,52,Piratic Flycatcher,Legatus leucophaius,4,0,0,1
Tyrants,52,Variegated Flycatcher,Empidonomus varius,5,0,0,1
Tyrants,52,Crowned Slaty Flycatcher,Empidonomus aurantioatrocristatus,5,0,0,1
Tyrants,52,Tropical Kingbird,Tyrannus melancholicus,2,0,0,1
Tyrants,52,Couch's Kingbird,Tyrannus couchii,2,0,0,1
Tyrants,52,Cassin's Kingbird,Tyrannus vociferans,1,0,0,1
Tyrants,52,Thick-billed Kingbird,Tyrannus crassirostris,2,0,0,1
Tyrants,52,Western Kingbird,Tyrannus verticalis,1,0,0,1
Tyrants,52,Eastern Kingbird,Tyrannus tyrannus,1,0,0,1
Tyrants,52,Gray Kingbird,Tyrannus dominicensis,2,0,0,1
Tyrants,52,Loggerhead Kingbird,Tyrannus caudifasciatus,5,0,0,1
Tyrants,52,Scissor-tailed Flycatcher,Tyrannus forficatus,1,0,0,1
Tyrants,52,Fork-tailed Flycatcher,Tyrannus savana,3,0,0,1
Becards/Allies,53,Masked Tityra,Tityra semifasciata,5,0,0,1
Becards/Allies,53,Gray-collared Becard,Pachyramphus major,5,0,0,1
Becards/Allies,53,Rose-throated Becard,Pachyramphus aglaiae,3,0,0,1
Shrikes,54,Brown Shrike,Lanius cristatus,4,0,0,1
Shrikes,54,Loggerhead Shrike,Lanius ludovicianus,1,0,0,1
Shrikes,54,Northern Shrike,Lanius excubitor,1,0,0,1
Vireos,55,White-eyed Vireo,Vireo griseus,1,0,0,1
Vireos,55,Thick-billed Vireo,Vireo crassirostris,4,0,0,1
Vireos,55,Bell's Vireo,Vireo bellii,1,0,0,1
Vireos,55,Black-capped Vireo,Vireo atricapilla,2,0,0,1
Vireos,55,Gray Vireo,Vireo vicinior,2,0,0,1
Vireos,55,Yellow-throated Vireo,Vireo flavifrons,1,0,0,1
Vireos,55,Plumbeous Vireo,Vireo plumbeus,1,0,0,1
Vireos,55,Cassin's Vireo,Vireo cassinii,1,0,0,1
Vireos,55,Blue-headed Vireo,Vireo solitarius,1,0,0,1
Vireos,55,Hutton's Vireo,Vireo huttoni,1,0,0,1
Vireos,55,Warbling Vireo,Vireo gilvus,1,0,0,1
Vireos,55,Philadelphia Vireo,Vireo philadelphicus,1,0,0,1
Vireos,55,Red-eyed Vireo,Vireo olivaceus,1,0,0,1
Vireos,55,Yellow-green Vireo,Vireo flavoviridis,3,0,0,1
Vireos,55,Black-whiskered Vireo,Vireo altiloquus,2,0,0,1
Vireos,55,Yucatan Vireo,Vireo magister,5,0,0,1
Corvids,56,Gray Jay,Perisoreus canadensis,1,0,0,1
Corvids,56,Brown Jay,Psilorhinus morio,3,0,0,1
Corvids,56,Green Jay,Cyanocorax yncas,2,0,0,1
Corvids,56,Pinyon Jay,Gymnorhinus cyanocephalus,1,0,0,1
Corvids,56,Steller's Jay,Cyanocitta stelleri,1,0,0,1
Corvids,56,Blue Jay,Cyanocitta cristata,1,0,0,1
Corvids,56,Florida Scrub-Jay,Aphelocoma coerulescens,2,0,0,1
Corvids,56,Island Scrub-Jay,Aphelocoma insularis,2,0,0,1
Corvids,56,Western Scrub-Jay,Aphelocoma californica,1,0,0,1
Corvids,56,Mexican Jay,Aphelocoma wollweberi,2,0,0,1
Corvids,56,Clark's Nutcracker,Nucifraga columbiana,1,0,0,1
Corvids,56,Black-billed Magpie,Pica hudsonia,1,0,0,1
Corvids,56,Yellow-billed Magpie,Pica nuttalli,2,0,0,1
Corvids,56,Eurasian Jackdaw,Corvus monedula,4,0,0,1
Corvids,56,American Crow,Corvus brachyrhynchos,1,0,0,1
Corvids,56,Northwestern Crow,Corvus caurinus,1,0,0,1
Corvids,56,Tamaulipas Crow,Corvus imparatus,3,0,0,1
Corvids,56,Fish Crow,Corvus ossifragus,1,0,0,1
Corvids,56,Chihuahuan Raven,Corvus cryptoleucus,1,0,0,1
Corvids,56,Common Raven,Corvus corax,1,0,0,1
Larks,57,Sky Lark,Alauda arvensis,3,0,0,1
Larks,57,Horned Lark,Eremophila alpestris,1,0,0,1
Swallows,58,Purple Martin,Progne subis,1,0,0,1
Swallows,58,Cuban Martin,Progne cryptoleuca,5,0,0,1
Swallows,58,Gray-breasted Martin,Progne chalybea,5,0,0,1
Swallows,58,Southern Martin,Progne elegans,5,0,0,1
Swallows,58,Brown-chested Martin,Progne tapera,5,0,0,1
Swallows,58,Tree Swallow,Tachycineta bicolor,1,0,0,1
Swallows,58,Mangrove Swallow,Tachycineta albilinea,5,0,0,1
Swallows,58,Violet-green Swallow,Tachycineta thalassina,1,0,0,1
Swallows,58,Bahama Swallow,Tachycineta cyaneoviridis,4,0,0,1
Swallows,58,Northern Rough-winged Swallow,Stelgidopteryx serripennis,1,0,0,1
Swallows,58,Bank Swallow,Riparia riparia,1,0,0,1
Swallows,58,Cliff Swallow,Petrochelidon pyrrhonota,1,0,0,1
Swallows,58,Cave Swallow,Petrochelidon fulva,1,0,0,1
Swallows,58,Barn Swallow,Hirundo rustica,1,0,0,1
Swallows,58,Common House-Martin,Delichon urbicum,4,0,0,1
Tits,59,Carolina Chickadee,Poecile carolinensis,1,0,0,1
Tits,59,Black-capped Chickadee,Poecile atricapillus,1,0,0,1
Tits,59,Mountain Chickadee,Poecile gambeli,1,0,0,1
Tits,59,Mexican Chickadee,Poecile sclateri,2,0,0,1
Tits,59,Chestnut-backed Chickadee,Poecile rufescens,1,0,0,1
Tits,59,Boreal Chickadee,Poecile hudsonicus,1,0,0,1
Tits,59,Gray-headed Chickadee,Poecile cinctus,3,0,0,1
Tits,59,Bridled Titmouse,Baeolophus wollweberi,2,0,0,1
Tits,59,Oak Titmouse,Baeolophus inornatus,1,0,0,1
Tits,59,Juniper Titmouse,Baeolophus ridgwayi,1,0,0,1
Tits,59,Tufted Titmouse,Baeolophus bicolor,1,0,0,1
Tits,59,Black-crested Titmouse,Baeolophus atricristatus,2,0,0,1
Verdin,60,Verdin,Auriparus flaviceps,1,0,0,1
Bushtits,61,Bushtit,Psaltriparus minimus,1,0,0,1
Nuthatches,62,Red-breasted Nuthatch,Sitta canadensis,1,0,0,1
Nuthatches,62,White-breasted Nuthatch,Sitta carolinensis,1,0,0,1
Nuthatches,62,Pygmy Nuthatch,Sitta pygmaea,1,0,0,1
Nuthatches,62,Brown-headed Nuthatch,Sitta pusilla,1,0,0,1
Creepers,63,Brown Creeper,Certhia americana,1,0,0,1
Wrens,64,Rock Wren,Salpinctes obsoletus,1,0,0,1
Wrens,64,Canyon Wren,Catherpes mexicanus,1,0,0,1
Wrens,64,House Wren,Troglodytes aedon,1,0,0,1
Wrens,64,Pacific Wren,Troglodytes pacificus,1,0,0,1
Wrens,64,Winter Wren,Troglodytes hiemalis,1,0,0,1
Wrens,64,Sedge Wren,Cistothorus platensis,1,0,0,1
Wrens,64,Marsh Wren,Cistothorus palustris,1,0,0,1
Wrens,64,Carolina Wren,Thryothorus ludovicianus,1,0,0,1
Wrens,64,Bewick's Wren,Thryomanes bewickii,1,0,0,1
Wrens,64,Cactus Wren,Campylorhynchus brunneicapillus,1,0,0,1
Wrens,64,Sinaloa Wren,Thryophilus sinaloa,5,0,0,1
Gnatcatchers,65,Blue-gray Gnatcatcher,Polioptila caerulea,1,0,0,1
Gnatcatchers,65,California Gnatcatcher,Polioptila californica,2,0,0,1
Gnatcatchers,65,Black-tailed Gnatcatcher,Polioptila melanura,1,0,0,1
Gnatcatchers,65,Black-capped Gnatcatcher,Polioptila nigriceps,3,0,0,1
Dippers,66,American Dipper,Cinclus mexicanus,1,0,0,1
Bulbuls,67,Red-whiskered Bulbul,Pycnonotus jocosus,2,0,0,1
Kinglets,68,Golden-crowned Kinglet,Regulus satrapa,1,0,0,1
Kinglets,68,Ruby-crowned Kinglet,Regulus calendula,1,0,0,1
Leaf_Warblers,69,Willow Warbler,Phylloscopus trochilus,5,0,0,1
Leaf_Warblers,69,Wood Warbler,Phylloscopus sibilatrix,5,0,0,1
Leaf_Warblers,69,Dusky Warbler,Phylloscopus fuscatus,4,0,0,1
Leaf_Warblers,69,Pallas's Leaf-Warbler,Phylloscopus proregulus,5,0,0,1
Leaf_Warblers,69,Yellow-browed Warbler,Phylloscopus inornatus,4,0,0,1
Leaf_Warblers,69,Arctic Warbler,Phylloscopus borealis,2,0,0,1
Sylviids,70,Lesser Whitethroat,Sylvia curruca,5,0,0,1
Sylviids,70,Wrentit,Chamaea fasciata,1,0,0,1
Reed_Warblers,71,Sedge Warbler,Acrocephalus schoenobaenus,5,0,0,1
Grassbirds,72,Middendorff's Grasshopper-Warbler,Locustella ochotensis,4,0,0,1
Grassbirds,72,Lanceolated Warbler,Locustella lanceolata,5,0,0,1
Oldworld_Flycatchers,73,Gray-streaked Flycatcher,Muscicapa griseisticta,4,0,0,1
Oldworld_Flycatchers,73,Asian Brown Flycatcher,Muscicapa dauurica,5,0,0,1
Oldworld_Flycatchers,73,Spotted Flycatcher,Muscicapa striata,5,0,0,1
Oldworld_Flycatchers,73,Dark-sided Flycatcher,Muscicapa sibirica,4,0,0,1
Oldworld_Flycatchers,73,Rufous-tailed Robin,Luscinia sibilans,5,0,0,1
Oldworld_Flycatchers,73,Siberian Rubythroat,Luscinia calliope,3,0,0,1
Oldworld_Flycatchers,73,Bluethroat,Luscinia svecica,2,0,0,1
Oldworld_Flycatchers,73,Siberian Blue Robin,Luscinia cyane,5,0,0,1
Oldworld_Flycatchers,73,Red-flanked Bluetail,Tarsiger cyanurus,4,0,0,1
Oldworld_Flycatchers,73,Narcissus Flycatcher,Ficedula narcissina,5,0,0,1
Oldworld_Flycatchers,73,Mugimaki Flycatcher,Ficedula mugimaki,5,0,0,1
Oldworld_Flycatchers,73,Taiga Flycatcher,Ficedula albicilla,4,0,0,1
Oldworld_Flycatchers,73,Northern Wheatear,Oenanthe oenanthe,2,0,0,1
Oldworld_Flycatchers,73,Stonechat,Saxicola torquatus,4,0,0,1
Thrushes,74,Eastern Bluebird,Sialia sialis,1,0,0,1
Thrushes,74,Western Bluebird,Sialia mexicana,1,0,0,1
Thrushes,74,Mountain Bluebird,Sialia currucoides,1,0,0,1
Thrushes,74,Townsend's Solitaire,Myadestes townsendi,1,0,0,1
Thrushes,74,Brown-backed Solitaire,Myadestes occidentalis,5,0,0,1
Thrushes,74,Orange-billed Nightingale-Thrush,Catharus aurantiirostris,5,0,0,1
Thrushes,74,Black-headed Nightingale-Thrush,Catharus mexicanus,5,0,0,1
Thrushes,74,Veery,Catharus fuscescens,1,0,0,1
Thrushes,74,Gray-cheeked Thrush,Catharus minimus,1,0,0,1
Thrushes,74,Bicknell's Thrush,Catharus bicknelli,2,0,0,1
Thrushes,74,Swainson's Thrush,Catharus ustulatus,1,0,0,1
Thrushes,74,Hermit Thrush,Catharus guttatus,1,0,0,1
Thrushes,74,Wood Thrush,Hylocichla mustelina,1,0,0,1
Thrushes,74,Eurasian Blackbird,Turdus merula,5,0,0,1
Thrushes,74,Eyebrowed Thrush,Turdus obscurus,3,0,0,1
Thrushes,74,Dusky Thrush,Turdus naumanni,4,0,0,1
Thrushes,74,Fieldfare,Turdus pilaris,4,0,0,1
Thrushes,74,Redwing,Turdus iliacus,4,0,0,1
Thrushes,74,Song Thrush,Turdus philomelos,5,0,0,1
Thrushes,74,Clay-colored Thrush,Turdus grayi,3,0,0,1
Thrushes,74,White-throated Thrush,Turdus assimilis,4,0,0,1
Thrushes,74,Rufous-backed Robin,Turdus rufopalliatus,3,0,0,1
Thrushes,74,American Robin,Turdus migratorius,1,0,0,1
Thrushes,74,Red-legged Thrush,Turdus plumbeus,5,0,0,1
Thrushes,74,Varied Thrush,Ixoreus naevius,1,0,0,1
Thrushes,74,Aztec Thrush,Ridgwayia pinicola,4,0,0,1
Mimids,75,Gray Catbird,Dumetella carolinensis,1,0,0,1
Mimids,75,Northern Mockingbird,Mimus polyglottos,1,0,0,1
Mimids,75,Bahama Mockingbird,Mimus gundlachii,4,0,0,1
Mimids,75,Sage Thrasher,Oreoscoptes montanus,1,0,0,1
Mimids,75,Brown Thrasher,Toxostoma rufum,1,0,0,1
Mimids,75,Long-billed Thrasher,Toxostoma longirostre,2,0,0,1
Mimids,75,Bendire's Thrasher,Toxostoma bendirei,2,0,0,1
Mimids,75,Curve-billed Thrasher,Toxostoma curvirostre,1,0,0,1
Mimids,75,California Thrasher,Toxostoma redivivum,2,0,0,1
Mimids,75,Crissal Thrasher,Toxostoma crissale,2,0,0,1
Mimids,75,Le Conte's Thrasher,Toxostoma lecontei,2,0,0,1
Mimids,75,Blue Mockingbird,Melanotis caerulescens,5,0,0,1
Starlings,76,European Starling,Sturnus vulgaris,1,0,0,1
Starlings,76,Common Myna,Acridotheres tristis,2,0,0,1
Accentors,77,Siberian Accentor,Prunella montanella,4,0,0,1
Pipits/Wagtails,78,Eastern Yellow Wagtail,Motacilla tschutschensis,2,0,0,1
Pipits/Wagtails,78,Citrine Wagtail,Motacilla citreola,5,0,0,1
Pipits/Wagtails,78,Gray Wagtail,Motacilla cinerea,4,0,0,1
Pipits/Wagtails,78,White Wagtail,Motacilla alba,3,0,0,1
Pipits/Wagtails,78,Tree Pipit,Anthus trivialis,5,0,0,1
Pipits/Wagtails,78,Olive-backed Pipit,Anthus hodgsoni,3,0,0,1
Pipits/Wagtails,78,Pechora Pipit,Anthus gustavi,4,0,0,1
Pipits/Wagtails,78,Red-throated Pipit,Anthus cervinus,3,0,0,1
Pipits/Wagtails,78,American Pipit,Anthus rubescens,1,0,0,1
Pipits/Wagtails,78,Sprague's Pipit,Anthus spragueii,2,0,0,1
Waxwings,79,Bohemian Waxwing,Bombycilla garrulus,2,0,0,1
Waxwings,79,Cedar Waxwing,Bombycilla cedrorum,1,0,0,1
Silky-flycatchers,80,Gray Silky-flycatcher,Ptilogonys cinereus,5,0,0,1
Silky-flycatchers,80,Phainopepla,Phainopepla nitens,1,0,0,1
Olive_Warblers,81,Olive Warbler,Peucedramus taeniatus,2,0,0,1
Longspurs/Snowbuntings,82,Lapland Longspur,Calcarius lapponicus,1,0,0,1
Longspurs/Snowbuntings,82,Chestnut-collared Longspur,Calcarius ornatus,1,0,0,1
Longspurs/Snowbuntings,82,Smith's Longspur,Calcarius pictus,2,0,0,1
Longspurs/Snowbuntings,82,McCown's Longspur,Rhynchophanes mccownii,2,0,0,1
Longspurs/Snowbuntings,82,Snow Bunting,Plectrophenax nivalis,1,0,0,1
Longspurs/Snowbuntings,82,McKay's Bunting,Plectrophenax hyperboreus,2,0,0,1
Warblers,83,Ovenbird,Seiurus aurocapilla,1,0,0,1
Warblers,83,Worm-eating Warbler,Helmitheros vermivorum,1,0,0,1
Warblers,83,Louisiana Waterthrush,Parkesia motacilla,1,0,0,1
Warblers,83,Northern Waterthrush,Parkesia noveboracensis,1,0,0,1
Warblers,83,Bachman's Warbler,Vermivora bachmanii,6,0,0,1
Warblers,83,Golden-winged Warbler,Vermivora chrysoptera,2,0,0,1
Warblers,83,Blue-winged Warbler,Vermivora cyanoptera,1,0,0,1
Warblers,83,Black-and-white Warbler,Mniotilta varia,1,0,0,1
Warblers,83,Prothonotary Warbler,Protonotaria citrea,1,0,0,1
Warblers,83,Swainson's Warbler,Limnothlypis swainsonii,2,0,0,1
Warblers,83,Crescent-chested Warbler,Oreothlypis superciliosa,4,0,0,1
Warblers,83,Tennessee Warbler,Oreothlypis peregrina,1,0,0,1
Warblers,83,Orange-crowned Warbler,Oreothlypis celata,1,0,0,1
Warblers,83,Colima Warbler,Oreothlypis crissalis,1,0,0,1
Warblers,83,Lucy's Warbler,Oreothlypis luciae,1,0,0,1
Warblers,83,Nashville Warbler,Oreothlypis ruficapilla,1,0,0,1
Warblers,83,Virginia’s Warbler,Oreothlypis virginiae,1,0,0,1
Warblers,83,Connecticut Warbler,Oporornis agilis,2,0,0,1
Warblers,83,Gray-crowned Yellowthroat,Geothlypis poliocephala,4,0,0,1
Warblers,83,MacGillivray's Warbler,Geothlypis tolmiei,1,0,0,1
Warblers,83,Mourning Warbler,Geothlypis philadelphia,1,0,0,1
Warblers,83,Kentucky Warbler,Geothlypis formosa,1,0,0,1
Warblers,83,Common Yellowthroat,Geothlypis trichas,1,0,0,1
Warblers,83,Hooded Warbler,Setophaga citrina,1,0,0,1
Warblers,83,American Redstart,Setophaga ruticilla,1,0,0,1
Warblers,83,Kirtland's Warbler,Setophaga kirtlandii,2,0,0,1
Warblers,83,Cape May Warbler,Setophaga tigrina,1,0,0,1
Warblers,83,Cerulean Warbler,Setophaga cerulea,2,0,0,1
Warblers,83,Northern Parula,Setophaga americana,1,0,0,1
Warblers,83,Tropical Parula,Setophaga pitiayumi,3,0,0,1
Warblers,83,Magnolia Warbler,Setophaga magnolia,1,0,0,1
Warblers,83,Bay-breasted Warbler,Setophaga castanea,1,0,0,1
Warblers,83,Blackburnian Warbler,Setophaga fusca,1,0,0,1
Warblers,83,Yellow Warbler,Setophaga petechia,1,0,0,1
Warblers,83,Chestnut-sided Warbler,Setophaga pensylvanica,1,0,0,1
Warblers,83,Blackpoll Warbler,Setophaga striata,1,0,0,1
Warblers,83,Black-throated Blue Warbler,Setophaga caerulescens,1,0,0,1
Warblers,83,Palm Warbler,Setophaga palmarum,1,0,0,1
Warblers,83,Pine Warbler,Setophaga pinus,1,0,0,1
Warblers,83,Yellow-rumped Warbler,Setophaga coronata,1,0,0,1
Warblers,83,Yellow-throated Warbler,Setophaga dominica,1,0,0,1
Warblers,83,Prairie Warbler,Setophaga discolor,1,0,0,1
Warblers,83,Grace's Warbler,Setophaga graciae,1,0,0,1
Warblers,83,Black-throated Gray Warbler,Setophaga nigrescens,1,0,0,1
Warblers,83,Townsend's Warbler,Setophaga townsendi,1,0,0,1
Warblers,83,Hermit Warbler,Setophaga occidentalis,1,0,0,1
Warblers,83,Golden-cheeked Warbler,Setophaga chrysoparia,2,0,0,1
Warblers,83,Black-throated Green Warbler,Setophaga virens,1,0,0,1
Warblers,83,Fan-tailed Warbler,Basileuterus lachrymosus,4,0,0,1
Warblers,83,Rufous-capped Warbler,Basileuterus rufifrons,3,0,0,1
Warblers,83,Golden-crowned Warbler,Basileuterus culicivorus,4,0,0,1
Warblers,83,Canada Warbler,Cardellina canadensis,1,0,0,1
Warblers,83,Wilson's Warbler,Cardellina pusilla,1,0,0,1
Warblers,83,Red-faced Warbler,Cardellina rubrifrons,2,0,0,1
Warblers,83,Painted Redstart,Myioborus pictus,2,0,0,1
Warblers,83,Slate-throated Redstart,Myioborus miniatus,4,0,0,1
Warblers,83,Yellow-breasted Chat,Icteria virens,1,0,0,1
Bananaquits,84,Bananaquit,Coereba flaveola,4,0,0,1
True_Tanagers,85,Western Spindalis,Spindalis zena,3,0,0,1
Sparrows/Towhees,86,White-collared Seedeater,Sporophila torqueola,3,0,0,1
Sparrows/Towhees,86,Yellow-faced Grassquit,Tiaris olivaceus,4,0,0,1
Sparrows/Towhees,86,Black-faced Grassquit,Tiaris bicolor,4,0,0,1
Sparrows/Towhees,86,Olive Sparrow,Arremonops rufivirgatus,2,0,0,1
Sparrows/Towhees,86,Green-tailed Towhee,Pipilo chlorurus,1,0,0,1
Sparrows/Towhees,86,Spotted Towhee,Pipilo maculatus,1,0,0,1
Sparrows/Towhees,86,Eastern Towhee,Pipilo erythrophthalmus,1,0,0,1
Sparrows/Towhees,86,Rufous-crowned Sparrow,Aimophila ruficeps,1,0,0,1
Sparrows/Towhees,86,Canyon Towhee,Melozone fusca,1,0,0,1
Sparrows/Towhees,86,California Towhee,Melozone crissalis,1,0,0,1
Sparrows/Towhees,86,Abert's Towhee,Melozone aberti,1,0,0,1
Sparrows/Towhees,86,Rufous-winged Sparrow,Peucaea carpalis,2,0,0,1
Sparrows/Towhees,86,Botteri's Sparrow,Peucaea botterii,2,0,0,1
Sparrows/Towhees,86,Cassin's Sparrow,Peucaea cassinii,1,0,0,1
Sparrows/Towhees,86,Bachman's Sparrow,Peucaea aestivalis,2,0,0,1
Sparrows/Towhees,86,American Tree Sparrow,Spizella arborea,1,0,0,1
Sparrows/Towhees,86,Chipping Sparrow,Spizella passerina,1,0,0,1
Sparrows/Towhees,86,Clay-colored Sparrow,Spizella pallida,1,0,0,1
Sparrows/Towhees,86,Brewer's Sparrow,Spizella breweri,1,0,0,1
Sparrows/Towhees,86,Field Sparrow,Spizella pusilla,1,0,0,1
Sparrows/Towhees,86,Worthen's Sparrow,Spizella wortheni,5,0,0,1
Sparrows/Towhees,86,Black-chinned Sparrow,Spizella atrogularis,1,0,0,1
Sparrows/Towhees,86,Vesper Sparrow,Pooecetes gramineus,1,0,0,1
Sparrows/Towhees,86,Lark Sparrow,Chondestes grammacus,1,0,0,1
Sparrows/Towhees,86,Five-striped Sparrow,Amphispiza quinquestriata,3,0,0,1
Sparrows/Towhees,86,Black-throated Sparrow,Amphispiza bilineata,1,0,0,1
Sparrows/Towhees,86,Sage Sparrow,Artemisiospiza belli,1,0,0,1
Sparrows/Towhees,86,Lark Bunting,Calamospiza melanocorys,1,0,0,1
Sparrows/Towhees,86,Savannah Sparrow,Passerculus sandwichensis,1,0,0,1
Sparrows/Towhees,86,Grasshopper Sparrow,Ammodramus savannarum,1,0,0,1
Sparrows/Towhees,86,Baird's Sparrow,Ammodramus bairdii,2,0,0,1
Sparrows/Towhees,86,Henslow's Sparrow,Ammodramus henslowii,2,0,0,1
Sparrows/Towhees,86,Le Conte's Sparrow,Ammodramus leconteii,1,0,0,1
Sparrows/Towhees,86,Nelson's Sparrow,Ammodramus nelsoni,1,0,0,1
Sparrows/Towhees,86,Saltmarsh Sparrow,Ammodramus caudacutus,1,0,0,1
Sparrows/Towhees,86,Seaside Sparrow,Ammodramus maritimus,1,0,0,1
Sparrows/Towhees,86,Fox Sparrow,Passerella iliaca,1,0,0,1
Sparrows/Towhees,86,Song Sparrow,Melospiza melodia,1,0,0,1
Sparrows/Towhees,86,Lincoln's Sparrow,Melospiza lincolnii,1,0,0,1
Sparrows/Towhees,86,Swamp Sparrow,Melospiza georgiana,1,0,0,1
Sparrows/Towhees,86,White-throated Sparrow,Zonotrichia albicollis,1,0,0,1
Sparrows/Towhees,86,Harris's Sparrow,Zonotrichia querula,1,0,0,1
Sparrows/Towhees,86,White-crowned Sparrow,Zonotrichia leucophrys,1,0,0,1
Sparrows/Towhees,86,Golden-crowned Sparrow,Zonotrichia atricapilla,1,0,0,1
Sparrows/Towhees,86,Dark-eyed Junco,Junco hyemalis,1,0,0,1
Sparrows/Towhees,86,Yellow-eyed Junco,Junco phaeonotus,2,0,0,1
Sparrows/Towhees,86,Pine Bunting,Emberiza leucocephalos,5,0,0,1
Sparrows/Towhees,86,Yellow-browed Bunting,Emberiza chrysophrys,5,0,0,1
Sparrows/Towhees,86,Little Bunting,Emberiza pusilla,4,0,0,1
Sparrows/Towhees,86,Rustic Bunting,Emberiza rustica,3,0,0,1
Sparrows/Towhees,86,Yellow-throated Bunting,Emberiza elegans,5,0,0,1
Sparrows/Towhees,86,Yellow-breasted Bunting,Emberiza aureola,5,0,0,1
Sparrows/Towhees,86,Gray Bunting,Emberiza variabilis,5,0,0,1
Sparrows/Towhees,86,Pallas's Bunting,Emberiza pallasi,5,0,0,1
Sparrows/Towhees,86,Reed Bunting,Emberiza schoeniclus,4,0,0,1
Tang/Gros/Bunt,87,Hepatic Tanager,Piranga flava,2,0,0,1
Tang/Gros/Bunt,87,Summer Tanager,Piranga rubra,1,0,0,1
Tang/Gros/Bunt,87,Scarlet Tanager,Piranga olivacea,1,0,0,1
Tang/Gros/Bunt,87,Western Tanager,Piranga ludoviciana,1,0,0,1
Tang/Gros/Bunt,87,Flame-colored Tanager,Piranga bidentata,3,0,0,1
Tang/Gros/Bunt,87,Crimson-collared Grosbeak,Rhodothraupis celaeno,4,0,0,1
Tang/Gros/Bunt,87,Northern Cardinal,Cardinalis cardinalis,1,0,0,1
Tang/Gros/Bunt,87,Pyrrhuloxia,Cardinalis sinuatus,1,0,0,1
Tang/Gros/Bunt,87,Yellow Grosbeak,Pheucticus chrysopeplus,4,0,0,1
Tang/Gros/Bunt,87,Rose-breasted Grosbeak,Pheucticus ludovicianus,1,0,0,1
Tang/Gros/Bunt,87,Black-headed Grosbeak,Pheucticus melanocephalus,1,0,0,1
Tang/Gros/Bunt,87,Blue Bunting,Cyanocompsa parellina,4,0,0,1
Tang/Gros/Bunt,87,Blue Grosbeak,Passerina caerulea,1,0,0,1
Tang/Gros/Bunt,87,Lazuli Bunting,Passerina amoena,1,0,0,1
Tang/Gros/Bunt,87,Indigo Bunting,Passerina cyanea,1,0,0,1
Tang/Gros/Bunt,87,Varied Bunting,Passerina versicolor,2,0,0,1
Tang/Gros/Bunt,87,Painted Bunting,Passerina ciris,1,0,0,1
Tang/Gros/Bunt,87,Dickcissel,Spiza americana,1,0,0,1
Blackbirds,88,Bobolink,Dolichonyx oryzivorus,1,0,0,1
Blackbirds,88,Red-winged Blackbird,Agelaius phoeniceus,1,0,0,1
Blackbirds,88,Tricolored Blackbird,Agelaius tricolor,2,0,0,1
Blackbirds,88,Tawny-shouldered Blackbird,Agelaius humeralis,5,0,0,1
Blackbirds,88,Eastern Meadowlark,Sturnella magna,1,0,0,1
Blackbirds,88,Western Meadowlark,Sturnella neglecta,1,0,0,1
Blackbirds,88,Yellow-headed Blackbird,Xanthocephalus xanthocephalus,1,0,0,1
Blackbirds,88,Rusty Blackbird,Euphagus carolinus,1,0,0,1
Blackbirds,88,Brewer's Blackbird,Euphagus cyanocephalus,1,0,0,1
Blackbirds,88,Common Grackle,Quiscalus quiscula,1,0,0,1
Blackbirds,88,Boat-tailed Grackle,Quiscalus major,1,0,0,1
Blackbirds,88,Great-tailed Grackle,Quiscalus mexicanus,1,0,0,1
Blackbirds,88,Shiny Cowbird,Molothrus bonariensis,3,0,0,1
Blackbirds,88,Bronzed Cowbird,Molothrus aeneus,1,0,0,1
Blackbirds,88,Brown-headed Cowbird,Molothrus ater,1,0,0,1
Blackbirds,88,Black-vented Oriole,Icterus wagleri,5,0,0,1
Blackbirds,88,Orchard Oriole,Icterus spurius,1,0,0,1
Blackbirds,88,Hooded Oriole,Icterus cucullatus,1,0,0,1
Blackbirds,88,Streak-backed Oriole,Icterus pustulatus,4,0,0,1
Blackbirds,88,Bullock's Oriole,Icterus bullockii,1,0,0,1
Blackbirds,88,Spot-breasted Oriole,Icterus pectoralis,2,0,0,1
Blackbirds,88,Altamira Oriole,Icterus gularis,2,0,0,1
Blackbirds,88,Audubon's Oriole,Icterus graduacauda,2,0,0,1
Blackbirds,88,Baltimore Oriole,Icterus galbula,1,0,0,1
Blackbirds,88,Scott's Oriole,Icterus parisorum,1,0,0,1
Finches,89,Common Chaffinch,Fringilla coelebs,4,0,0,1
Finches,89,Brambling,Fringilla montifringilla,3,0,0,1
Finches,89,Asian Rosy-Finch,Leucosticte arctoa,5,0,0,1
Finches,89,Gray-crowned Rosy-Finch,Leucosticte tephrocotis,1,0,0,1
Finches,89,Black Rosy-Finch,Leucosticte atrata,2,0,0,1
Finches,89,Brown-capped Rosy-Finch,Leucosticte australis,2,0,0,1
Finches,89,Pine Grosbeak,Pinicola enucleator,1,0,0,1
Finches,89,Eurasian Bullfinch,Pyrrhula pyrrhula,4,0,0,1
Finches,89,Common Rosefinch,Carpodacus erythrinus,4,0,0,1
Finches,89,Purple Finch,Haemorhous purpureus,1,0,0,1
Finches,89,Cassin's Finch,Haemorhous cassinii,1,0,0,1
Finches,89,House Finch,Haemorhous mexicanus,1,0,0,1
Finches,89,Red Crossbill,Loxia curvirostra,1,0,0,1
Finches,89,White-winged Crossbill,Loxia leucoptera,2,0,0,1
Finches,89,Common Redpoll,Acanthis flammea,1,0,0,1
Finches,89,Hoary Redpoll,Acanthis hornemanni,2,0,0,1
Finches,89,Eurasian Siskin,Spinus spinus,5,0,0,1
Finches,89,Pine Siskin,Spinus pinus,1,0,0,1
Finches,89,Lesser Goldfinch,Spinus psaltria,1,0,0,1
Finches,89,Lawrence's Goldfinch,Spinus lawrencei,2,0,0,1
Finches,89,American Goldfinch,Spinus tristis,1,0,0,1
Finches,89,Oriental Greenfinch,Chloris sinica,4,0,0,1
Finches,89,Evening Grosbeak,Coccothraustes vespertinus,1,0,0,1
Finches,89,Hawfinch,Coccothraustes coccothraustes,4,0,0,1
Old_Sparrows,90,House Sparrow,Passer domesticus,1,0,0,1
Old_Sparrows,90,Eurasian Tree Sparrow,Passer montanus,2,0,0,1
